"transaction_id","name","amount"
41103,"Angela Gibbs","5041.401765380949"
18058,"Preston Smith","4431.868463712501"
18715,"Phillip Vasquez","4039.2288204500223"
38423,"Amy Cantrell","3939.702749526122"
5672,"Cindy Bradley","3787.3232214192853"
34824,"Sharon Spencer","3614.4946393157675"
26045,"Christopher Bailey","3507.4731185329156"
13100,"Christopher Cantu","3481.411779880211"
35787,"Timothy Carpenter","3458.937910110088"
1474,"Brittany Ray","3371.629943192703"
