"merchant_id","total_revenue"
6,"69858.82033334767"
39,"68800.34875759204"
172,"66821.52895453833"
72,"65466.72647953191"
198,"64976.202768386625"
