"category","total_spending"
"Restaurants","1615639.5571920844"
"Electronics","1598403.4482766925"
"Healthcare","1405720.4727388413"
"Fuel","1315865.6450102513"
"Groceries","1310077.2156948792"
"Online Services","1098172.6221153194"
"Entertainment","1022388.6591855395"
"Travel","839334.8026439315"
"Fashion","804081.9717144"
