"city","total_spending"
"Ashleymouth","51754.18534383247"
"Port Amanda","31309.62142689356"
"East Brenda","29850.71821344508"
"Hernandezmouth","29609.833860887396"
"Robertfurt","29144.7455840914"
"Martinezton","28754.93789251072"
"Amyview","28607.30235623314"
"Port Thomas","27762.225447585497"
"North Michael","27720.867846511275"
"Sullivanhaven","27264.225531481778"
