"category","avg_amount"
"Healthcare","223.66276415892463"
"Travel","223.34614226820955"
"Electronics","222.9915524939582"
"Restaurants","220.144373510299"
"Entertainment","219.2555563340209"
"Fuel","218.69131544129155"
"Fashion","218.14486481671187"
"Online Services","217.58918607396856"
"Groceries","217.00798669784317"
