"name","credit_limit","total_spending"
"Thomas Butler","13553","20674.365063470195"
"Stacie Davis","11301","19833.131999759145"
"Elizabeth Cameron","14959","19809.20408428812"
"Ronald Dyer","10155","18789.64988243532"
"Christine Wise","14999","18713.42495463518"
"Jonathan Young","16898","18445.83326295313"
"Tamara Johnson","13195","17902.24812146372"
"Melanie Miller","12210","17584.249999999996"
"Walter Levy","15671","17569.62282077389"
"Christopher Bailey","13448","17405.57137528847"
