"merchant_name","total_revenue"
"Vang PLC","15384.885529042047"
"Smith, Smith and Gilmore","14768.883676462097"
"Garcia, Garza and Mann","14518.218757591962"
"Smith and Sons","14337.930167977705"
"Thomas-Alvarez","14170.680333347702"
"Robertson, Schneider and Avila","13884.439244933044"
"Gallegos Ltd","13322.328954538287"
"Mcdowell Inc","13252.81147329576"
"Acevedo-Collins","12917.903927887653"
"Dixon PLC","12547.891545930777"
