"merchant_id","total_spending"
6,"69858.82033334767"
39,"68800.34875759204"
172,"66821.52895453833"
72,"65466.72647953191"
198,"64976.202768386625"
24,"64750.20072661166"
30,"64482.10830890287"
51,"64209.73552904203"
29,"63620.64868223367"
131,"63614.074377178775"
